#{"t_start": 1617102642.3938434, "env_id": "rl_stocks-v0"}
r,l,t
-0.002,4,0.091001
-0.001,1,0.112
-0.001,2,0.197998
-12.388432,4,0.269999
-0.001,1,0.282998
-0.001,2,0.298999
-5.171059,4,0.334995
-0.001,2,0.348997
-0.001,1,0.381998
-0.001,1,0.394996
-4.524115,9,0.445996
-0.001,1,0.459001
-6.694805,14,0.523998
-0.001,1,0.534997
-0.001,5,0.573999
-0.001,3,0.587
2.508517,6,0.634998
-0.001,1,0.648
-0.001,1,0.662997
-4.73884,3,0.697995
1.568366,3,0.713996
-0.001,2,0.749999
-0.001,4,0.767002
-0.001,1,0.803
-0.001,3,0.817997
-0.001,2,0.849998
-0.001,2,0.863999
-4.214938,3,0.898997
-0.001,2,0.914999
-0.001,3,0.950998
4.192548,5,0.992997
-0.001,3,1.012
-0.001,1,1.034998
-0.001,2,1.100997
-0.001,1,1.117999
-0.001,1,1.135998
-0.001,3,1.18
-0.001,2,1.194998
-14.683413,5,1.236
-0.001,2,1.281998
-0.001,2,1.300998
-0.001,1,1.320999
-0.001,1,1.343999
-0.001,2,1.393001
0.960025,4,1.432998
-0.001,3,1.446996
0.628129,4,1.563
-0.001,1,1.596001
2.515515,4,1.658998
-0.001,1,1.688998
-0.001,1,1.710004
-0.001,3,1.778
-0.957023,3,1.831997
-0.001,2,1.851999
-0.001,1,1.871
-0.001,1,1.89201
-0.001,1,1.943004
-10.731358,7,2.011998
-0.001,1,2.033999
-0.001,2,2.1039
-0.001,2,2.125908
-0.001,1,2.142905
-0.001,3,2.1939
-8.513284,12,2.2639
-0.001,3,2.303899
-0.001,1,2.320901
-0.001,1,2.333898
-0.001,3,2.3709
-0.001,2,2.387899
-0.001,2,2.426899
-0.001,2,2.442905
-3.841,5,2.4809
-0.001,1,2.492898
-0.001,2,2.526897
13.14454,7,2.566899
-0.001,2,2.578899
-0.001,3,2.6139
-0.001,1,2.627901
-0.001,2,2.660907
-0.001,1,2.6739
-6.189119,4,2.7119
-0.001,2,2.724898
-0.001,1,2.736899
-0.001,1,2.7499
-6.185475,5,2.791897
-0.001,2,2.826906
-0.001,1,2.838899
-0.001,1,2.852899
-0.001,2,2.883899
-0.001,1,2.8949
-13.567476,4,2.930899
-0.001,1,2.9419
-0.001,4,2.977901
-0.001,1,2.9959
-0.001,2,3.0369
-0.001,2,3.078898
-0.001,1,3.092901
-0.001,1,3.1079
-5.713472,5,3.143899
-0.001,1,3.1559
-3.162742,6,3.1939
-0.001,2,3.232898
-34.397967,9,3.2939
-0.001,1,3.3089
-0.001,1,3.325899
-0.001,1,3.335898
-0.001,3,3.367898
-9.585665,4,3.4109
-6.711185,6,3.449913
-0.001,2,3.4629
-0.94618,3,3.4989
-0.001,2,3.516898
27.94744,6,3.5709
-0.001,1,3.6329
-43.725532,12,3.711898
-0.001,3,3.749899
-17.778778,4,3.7679
-0.001,1,3.803899
-7.457511,6,3.843899
-0.001,1,3.856899
-0.001,1,3.8699
-0.001,3,3.903898
-0.001,2,3.9189
-4.910481,6,3.955899
3.374928,4,4.001899
-0.001,1,4.019901
-0.001,3,4.0689
-0.001,1,4.082899
-0.001,1,4.096901
12.858767,5,4.141903
-0.001,1,4.179899
-0.001,2,4.1959
-0.001,1,4.211901
-0.001,3,4.248898
4.526172,5,4.285897
-0.001,3,4.300899
-0.001,1,4.334899
-0.001,2,4.3479
-0.001,2,4.364898
4.237647,14,4.4339
-0.001,2,4.467898
-0.001,1,4.482898
-0.001,1,4.498906
-3.070368,5,4.5349
-0.001,1,4.5489
-0.001,4,4.587898
-0.001,2,4.602898
-0.001,3,4.644901
-0.001,2,4.657898
-0.001,1,4.695899
-0.001,2,4.7119
12.006233,14,4.7829
3.103626,4,4.825901
-0.001,1,4.8409
-0.001,1,4.852898
-0.001,2,4.864898
-11.898307,4,4.901897
-0.001,2,4.934899
-0.001,1,4.947899
-9.106181,3,4.962901
-0.001,2,4.9989
-0.001,3,5.016901
-0.001,1,5.058899
-1.238624,6,5.096899
3.751345,3,5.111901
0.939734,3,5.148899
-0.001,1,5.161901
-0.001,4,5.196899
-1.579283,4,5.233899
-0.001,2,5.249902
0.941899,4,5.286899
-0.001,2,5.303903
-0.001,1,5.337898
-0.001,2,5.351897
-0.001,1,5.364899
-8.473867,5,5.401904
-0.001,3,5.4369
-0.001,3,5.453899
-0.001,3,5.4869
-0.001,1,5.498898
-0.001,1,5.513898
-8.161703,4,5.547897
-0.001,1,5.5619
-0.001,2,5.595898
-0.001,2,5.6109
-0.001,4,5.646899
-0.001,2,5.659901
-0.001,2,5.692898
2.174264,3,5.706899
-0.001,2,5.738899
-0.001,1,5.752903
-0.001,1,5.766901
-0.001,2,5.803899
-0.001,1,5.815899
-0.001,3,5.829906
-0.001,2,5.8649
-0.001,3,5.878898
7.334923,7,5.928898
-0.001,1,5.941901
-0.001,1,5.9539
2.8689,5,5.9939
2.212089,3,6.029897
0.316058,3,6.045897
0.632714,3,6.0859
-0.001,1,6.098897
-12.984712,6,6.1359
-0.001,1,6.173908
-0.001,1,6.186901
-0.001,1,6.201901
-0.001,2,6.214901
-0.963773,3,6.2539
-0.001,2,6.268898
-0.001,2,6.3019
-0.001,2,6.3189
-0.001,2,6.353898
-0.001,1,6.364901
-0.001,1,6.3769
-0.001,1,6.3909
-0.001,2,6.425908
10.429248,3,6.441903
-0.001,1,6.455909
-13.766978,4,6.517898
7.781561,4,6.552899
-5.139086,3,6.5899
-0.001,3,6.605899
-0.001,1,6.6209
-0.001,1,6.651908
-0.001,2,6.666904
-0.001,2,6.679898
-0.001,2,6.7139
-0.001,1,6.726898
-0.316657,4,6.764899
-8.51298,3,6.7839
-0.001,1,6.818898
-0.001,1,6.8319
-0.001,1,6.8459
-0.001,1,6.857898
-7.133404,5,6.8959
-0.001,1,6.909899
16.331139,7,6.953898
8.13398,4,6.994899
-47.256944,8,7.039901
-9.583206,7,7.0979
-0.636122,3,7.112898
-0.001,1,7.126899
-7.020987,5,7.167902
9.963642,4,7.209901
-0.001,2,7.261901
-0.001,1,7.2779
-3.25198,7,7.3259
-2.294799,7,7.374899
20.51764,6,7.417899
-0.001,1,7.433898
-0.001,1,7.449901
6.537084,3,7.486899
-0.001,2,7.498898
-0.001,3,7.537901
-0.001,3,7.552901
17.145284,6,7.6129
-0.001,1,7.628901
40.06494,7,7.6729
-0.001,1,7.6879
13.22099,4,7.764902
-0.001,2,7.831899
-0.001,2,7.8449
-0.001,1,7.8599
-0.001,1,7.871899
-0.001,1,7.9069
-0.001,1,7.920901
-7.298589,5,7.957899
-32.185577,12,8.018899
-0.001,5,8.056899
-6.674234,6,8.105899
-0.001,2,8.1389
-0.001,1,8.152899
-8.951086,3,8.189908
-0.001,4,8.205899
-0.001,2,8.246899
-0.001,2,8.261899
-0.001,3,8.303898
-0.001,1,8.3189
-5.805029,3,8.356899
-0.001,1,8.3709
-10.243404,5,8.4139
-0.001,2,8.427897
-0.001,3,8.462898
-0.001,1,8.475898
-0.001,1,8.4889
-0.001,2,8.524899
-0.001,1,8.5369
-0.001,1,8.550899
10.29364,4,8.594898
-0.001,3,8.6129
-0.001,2,8.653898
-28.347457,3,8.6679
-0.001,1,8.702899
24.695049,3,8.724898
-1.178049,5,8.761899
-0.001,1,8.776899
113.633122,13,8.8629
-25.290017,6,8.9509
-0.001,3,9.000902
-0.001,2,9.0249
-2.461457,3,9.075901
-0.001,2,9.0939
-2.163421,5,9.1479
-0.001,1,9.167902
-21.166986,3,9.2129
11.60924,5,9.263899
-0.001,1,9.292899
8.204494,4,9.3409
20.25868,9,9.4149
25.701104,11,9.496899
-0.001,1,9.5159
27.955989,4,9.6169
-0.001,3,9.6879
-0.001,1,9.6999
-0.001,1,9.714898
-0.001,1,9.7279
-0.001,1,9.742901
-6.755355,4,9.783902
45.779077,7,9.835898
-0.001,2,9.8519
-0.001,1,9.8649
-0.001,2,9.927901
-2.056192,7,9.9709
-0.001,1,9.991902
-0.001,2,10.0299
-1.388444,3,10.044898
34.649035,8,10.094899
-0.001,1,10.111901
-0.001,2,10.1269
-0.001,1,10.1839
-0.001,3,10.1989
-0.001,1,10.213898
121.953816,15,10.323898
-0.001,2,10.395899
3.918072,4,10.443899
24.256036,9,10.528899
-0.001,3,10.601901
5.342819,10,10.664899
-9.538784,3,10.7099
7.993186,3,10.7279
10.217978,4,10.810901
-0.001,1,10.8269
-0.001,4,10.892899
10.75691,6,10.956899
-0.001,1,10.971898
-0.001,2,11.072901
2.186386,3,11.091899
92.370209,25,11.238899
-0.001,1,11.302899
-0.001,1,11.3179
-2.157433,4,11.354898
-0.001,1,11.367899
-2.863254,3,11.383898
-0.001,6,11.4349
-2.519379,5,11.481904
-0.001,4,11.498898
-0.001,2,11.538903
-0.001,2,11.5539
10.786487,6,11.596898
9.321338,4,11.633901
-0.001,2,11.6719
-0.001,1,11.684898
-0.001,1,11.697905
-0.001,1,11.711899
-0.001,1,11.724898
21.584032,9,11.7869
-0.001,2,11.826899
-0.001,3,11.843898
-0.001,2,11.8829
-35.515842,9,11.925899
-1.377229,6,11.9779
-0.001,1,11.992899
-0.001,1,12.005901
-2.773003,3,12.0429
-0.001,1,12.056899
5.507813,4,12.1009
-5.212953,5,12.1509
-0.001,1,12.1639
-0.001,1,12.178901
-0.001,2,12.1949
-0.001,2,12.232898
-2.324449,7,12.274899
-1.32814,5,12.3149
-0.001,3,12.351902
-0.001,3,12.365897
-0.001,1,12.4049
-0.001,2,12.4219
4.568084,5,12.466899
12.723307,6,12.526899
-0.001,1,12.5429
-0.001,2,12.584898
0.332528,5,12.631899
-0.001,1,12.647897
-0.001,2,12.667899
5.594325,9,12.722898
-0.001,2,12.7619
40.801427,7,12.8029
-0.001,2,12.817899
-0.001,2,12.852901
-4.100761,3,12.866899
-0.001,1,12.8979
7.630308,9,12.936897
-0.001,1,12.9729
-0.001,3,12.990899
-0.001,3,13.0259
0.333853,4,13.0659
-0.001,2,13.0829
-0.001,2,13.098898
-0.001,2,13.153899
-0.001,3,13.173902
-0.001,1,13.217901
-0.001,2,13.2339
-3.436246,3,13.275899
9.883117,3,13.294899
-0.001,1,13.3109
-0.001,3,13.360902
-0.001,1,13.3749
-4.027397,5,13.417901
-1.377715,7,13.478904
-10.530891,3,13.501899
-0.001,1,13.517898
-0.001,2,13.560901
-0.001,1,13.5759
-0.001,1,13.5959
-4.049583,7,13.654902
-0.001,1,13.6689
9.513101,5,13.714902
-0.001,2,13.732899
-0.001,1,13.7509
-3.039966,7,13.810901
-0.001,1,13.824899
-0.001,1,13.837901
-0.001,1,13.851902
5.997422,12,13.9239
-0.001,1,13.940907
-0.001,2,13.953899
-0.001,2,13.992899
-0.001,2,14.010901
-0.001,2,14.051901
-0.001,2,14.0679
-0.001,1,14.082899
-0.001,1,14.096898
-0.001,1,14.1349
29.440624,5,14.181899
-0.001,1,14.221901
-0.001,2,14.237902
-0.001,1,14.253899
-0.001,3,14.295899
-0.001,1,14.312899
-0.001,1,14.3309
-0.001,1,14.364901
-12.418649,5,14.410901
-0.001,3,14.425898
-0.001,1,14.4419
-0.001,4,14.4829
-0.001,1,14.499899
-0.001,1,14.5429
-13.020628,7,14.6009
-0.001,1,14.615901
-0.001,1,14.6309
-8.272946,7,14.685904
-0.001,2,14.698898
-20.889231,8,14.778899
-0.001,2,14.795898
38.32227,9,14.855909
5.604381,4,14.8949
-8.260107,4,14.9349
-0.001,1,14.9489
10.816421,4,14.994902
-2.212574,4,15.0129
-0.001,1,15.052901
0.736735,4,15.0699
-7.494443,5,15.1129
-8.794138,9,15.180901
-0.001,2,15.2259
-0.001,2,15.2419
7.463173,5,15.2849
-0.001,1,15.3009
-0.001,2,15.3379
93.232164,7,15.3849
-0.001,1,15.401901
-0.001,1,15.4149
-0.001,2,15.4549
-0.001,1,15.474903
-0.001,1,15.4919
-0.001,2,15.5329
-0.001,1,15.5529
-0.001,2,15.580901
13.809834,5,15.6359
-0.001,3,15.675899
-0.001,1,15.689903
-0.001,2,15.704899
-0.001,2,15.7429
-0.001,1,15.7599
-5.719954,4,15.802899
7.42168,4,15.8469
-0.001,1,15.862898
-0.001,1,15.876901
29.221249,6,15.917898
-3.222909,3,15.9589
-0.001,1,15.973902
-34.769489,8,16.033902
-0.001,2,16.0509
-0.001,1,16.064899
-0.001,3,16.102898
0.41532,3,16.122901
-0.001,2,16.165901
-0.001,1,16.182899
-0.001,2,16.197898
3.730343,5,16.2429
-0.001,3,16.283897
13.958391,4,16.366899
-25.548996,6,16.420901
36.974488,3,16.463898
50.693023,12,16.5279
-0.001,1,16.542898
6.015847,3,16.578899
-0.001,2,16.597908
-114.401,5,16.644899
12.173643,3,16.6839
-0.001,2,16.698899
-0.001,2,16.741901
-0.001,1,16.7609
-0.001,2,16.7789
-6.277151,5,16.824898
-0.001,2,16.861901
-0.001,1,16.876899
-0.001,1,16.891906
-6.225066,6,16.9409
-0.001,2,16.9829
-0.001,3,17.001901
-0.001,1,17.018899
-10.089272,5,17.057902
-0.001,1,17.096898
-0.001,3,17.115899
-0.001,2,17.152899
-0.001,1,17.1759
-0.001,2,17.195899
-10.408993,3,17.238906
-4.206214,3,17.258897
-0.001,2,17.296897
-0.001,2,17.316902
-0.001,2,17.358898
-0.001,1,17.373899
-3.369421,5,17.419899
-0.001,1,17.432898
6.272526,3,17.4739
0.837926,3,17.492902
-0.001,1,17.510901
-0.001,1,17.547901
-0.425268,3,17.568901
-2.146002,3,17.615899
-0.001,4,17.661901
-0.001,1,17.677902
-0.001,1,17.691899
7.631037,5,17.731899
-0.001,1,17.745901
-0.001,1,17.761901
2.487436,5,17.797899
-0.001,2,17.846899
-0.001,1,17.8649
-0.001,1,17.8809
5.298633,3,17.931901
-0.001,2,17.952904
-0.001,1,17.971902
-0.001,2,18.021901
-5.003935,9,18.094901
-0.001,1,18.1149
-0.001,2,18.140901
-0.001,1,18.160899
-0.001,3,18.2159
-5.888648,7,18.2749
-0.001,1,18.322903
-0.001,1,18.338901
-0.001,1,18.357901
-0.001,4,18.4039
-0.001,2,18.4229
-0.001,1,18.444901
-0.063181,4,18.491898
-0.001,1,18.5079
-0.001,1,18.546898
-0.001,2,18.563901
9.904076,4,18.6139
-4.085967,4,18.6609
20.007167,4,18.6809
-0.798766,5,18.7289
-0.001,2,18.7729
-0.001,4,18.825899
-5.140759,4,18.8489
0.787644,3,18.905901
-3.509772,3,18.955917
-0.001,1,18.967898
-0.001,1,18.983899
-0.001,4,19.031898
-0.001,1,19.045898
-0.001,2,19.063899
6.440982,8,19.1189
0.004047,5,19.1609
-0.001,2,19.175901
-0.001,1,19.224899
-6.74546,7,19.268898
-0.001,1,19.2839
-1.96286,7,19.3449
-0.001,1,19.361903
-0.001,2,19.379901
-0.001,1,19.417901
19.117221,3,19.462898
-1.903725,4,19.514899
-6.119547,4,19.5619
4.549626,5,19.6089
-0.001,2,19.623899
-1.131369,3,19.664899
0.376644,4,19.681898
-0.001,1,19.7179
-0.001,1,19.7319
-10.216664,4,19.776898
-0.001,1,19.798913
-0.001,1,19.815898
-7.13337,9,19.875899
-0.001,1,19.890899
2.252374,6,19.934897
9.045363,4,19.9769
-0.001,2,19.992897
-0.001,3,20.039907
-0.001,2,20.056899
-0.379212,4,20.102899
-0.001,5,20.1449
-0.001,3,20.182898
-0.001,2,20.2039
6.604505,4,20.252898
-1.466202,6,20.296899
-0.001,2,20.347898
-0.73146,4,20.365898
37.198125,5,20.4129
-0.001,1,20.449901
-12.237957,5,20.495899
-0.001,1,20.511901
1.454604,8,20.554909
-0.001,3,20.601901
-0.001,1,20.6179
-0.001,1,20.633904
-0.001,2,20.674898
-0.001,2,20.6919
5.544231,5,20.734899
-0.001,2,20.7779
-0.001,2,20.793898
-0.001,1,20.811898
-0.001,1,20.824909
-0.001,1,20.864897
-0.001,2,20.8819
1.099917,3,20.926898
1.095727,6,20.974898
1.432178,4,21.018901
-0.001,1,21.033898
-4.285184,3,21.0519
-0.001,1,21.095899
-0.001,3,21.112901
-0.001,1,21.127898
0.715843,4,21.176899
-0.001,1,21.191899
-0.001,1,21.235898
-0.001,1,21.253901
-0.742702,4,21.2949
1.490424,3,21.3169
-0.001,1,21.334898
-0.001,2,21.3799
-7.109407,7,21.426899
-0.001,3,21.467903
-0.001,2,21.484897
-22.557391,6,21.531899
17.731098,7,21.592905
-11.825584,12,21.657902
-0.001,1,21.6739
-0.001,1,21.7099
-0.267627,5,21.751899
-0.001,4,21.7739
-0.001,5,21.8139
-0.001,2,21.8529
-0.001,1,21.8659
-6.853248,7,21.906904
-0.001,4,21.9749
-0.001,1,21.989902
-2.582968,4,22.029901
-0.001,2,22.065898
-0.001,2,22.083902
-0.425448,6,22.1289
-0.001,2,22.165899
-0.001,2,22.1829
-0.001,3,22.230901
-0.001,2,22.246902
-5.640913,5,22.288901
-0.001,1,22.301898
12.004051,6,22.343902
-0.001,1,22.3819
-0.001,1,22.394898
0.856265,3,22.4119
-0.001,2,22.4499
-0.001,2,22.465901
-0.001,2,22.502898
-0.001,1,22.5169
-10.413103,9,22.574898
-0.001,2,22.589901
-0.001,2,22.609917
43.665197,10,22.664898
1.709864,6,22.722901
-0.001,2,22.735899
-3.379378,4,22.776899
-0.001,2,22.792899
-0.001,2,22.833899
-0.001,3,22.8509
-0.001,1,22.864898
-8.006325,7,22.917899
-0.001,2,22.934897
-2.071393,3,22.9779
18.624828,6,23.030899
12.683124,7,23.083899
-0.001,1,23.126901
-0.001,2,23.1449
-0.001,3,23.189899
-5.62349,3,23.208901
-0.001,2,23.306898
-0.001,1,23.347902
-0.001,3,23.3749
0.798361,4,23.4239
-0.001,1,23.444899
10.876298,15,23.543897
-0.001,1,23.584898
8.587303,8,23.631899
-0.001,1,23.645898
-0.001,3,23.680901
-0.001,1,23.6949
-26.332734,8,23.748899
-0.404388,3,23.764899
-0.001,1,23.8109
-1.212632,5,23.866899
8.031818,6,23.926898
-0.001,2,23.9479
-0.001,1,23.963898
-0.001,2,24.0129
-0.001,3,24.046898
1.635823,6,24.1099
-0.001,1,24.127905
-3.952617,6,24.178899
-0.001,3,24.247899
-0.001,1,24.267901
-1.636323,4,24.3269
-0.001,3,24.3509
-0.001,1,24.373901
-28.325042,6,24.446901
-22.987955,9,24.5119
-0.001,4,24.5609
-0.001,2,24.599898
-0.001,4,24.6249
-0.001,1,24.667899
-0.001,1,24.687901
-0.001,3,24.705899
-0.001,1,24.744902
-0.001,1,24.757901
-7.504126,5,24.801901
-0.001,1,24.8179
-3.395145,5,24.8649
3.002003,3,24.974904
-0.001,1,25.026901
-8.70575,6,25.092899
-0.001,1,25.145906
-0.001,1,25.2189
-0.001,1,25.342901
-0.001,2,25.368901
-0.001,2,25.5099
-0.001,1,25.5669
-0.001,1,25.5849
-0.001,1,25.611908
-0.001,1,25.633898
-0.001,3,25.699903
-0.001,2,25.727901
-0.001,3,25.793901
-0.001,1,25.815899
-0.001,2,25.840901
-0.001,1,25.911902
-6.243197,5,25.969899
-12.691355,10,26.042902
-0.001,1,26.0609
0.836521,4,26.113898
-0.001,1,26.132898
-0.001,2,26.151901
2.474508,7,26.206898
-0.001,5,26.2769
-0.001,4,26.299899
-0.001,1,26.348902
-0.001,2,26.3659
-0.001,2,26.3829
-0.001,4,26.429899
-0.001,2,26.468904
-0.001,1,26.484902
-0.001,1,26.501898
-0.001,1,26.516899
7.370007,4,26.562898
-0.001,2,26.578898
-0.001,2,26.625898
-0.001,1,26.641901
-0.001,1,26.657902
-0.001,2,26.696901
-0.001,1,26.714898
-0.001,2,26.731899
-0.001,5,26.7739
1.600922,3,26.822902
0.39819,9,26.884899
-0.001,1,26.9029
-0.001,1,26.920903
-0.001,1,26.937899
-0.001,1,26.9529
-0.001,1,26.986898
-0.001,2,27.0009
-0.001,2,27.021905
-0.001,2,27.0629
9.719549,7,27.1069
-0.001,3,27.1559
-0.001,1,27.173905
-0.001,2,27.189899
-0.001,3,27.237906
-0.001,1,27.2629
-1.652528,3,27.305899
-0.001,3,27.327899
-0.001,1,27.3659
-0.001,2,27.3829
1.028096,12,27.449898
-0.001,3,27.491898
-0.001,2,27.5079
-0.001,2,27.5449
-0.001,2,27.562901
-0.001,1,27.577898
8.354488,4,27.625903
-9.571623,5,27.667898
3.411825,5,27.715902
8.670926,11,27.7909
-0.001,1,27.839904
0.371301,4,27.862902
-7.396228,12,27.950902
-0.001,1,27.9679
-0.001,2,27.987898
-0.001,2,28.040899
-0.001,3,28.061899
4.059539,7,28.1329
-0.001,1,28.149901
-0.001,1,28.1679
-0.001,1,28.1869
-0.001,1,28.237903
-4.268028,13,28.3249
-0.001,1,28.343901
-0.001,2,28.3919
-11.035787,12,28.472901
-0.001,1,28.506901
-12.862041,5,28.566899
-0.001,1,28.606898
-6.952668,4,28.627898
-0.001,2,28.664899
-0.001,2,28.6809
-0.001,4,28.7229
-0.001,3,28.763898
-0.001,1,28.7799
-0.001,1,28.794899
-0.001,2,28.811901
-0.001,1,28.8499
-0.001,1,28.864899
-0.001,3,28.882899
-0.001,2,28.9349
-0.001,4,28.988899
-0.001,1,29.004899
14.502533,5,29.057899
-0.001,1,29.0729
-0.001,1,29.0869
-0.001,2,29.132898
-13.413817,6,29.176898
-0.001,1,29.191916
-0.001,1,29.205898
-0.001,1,29.218913
-0.001,2,29.265901
-0.001,4,29.3139
-7.901677,5,29.358898
3.388831,3,29.373898
-7.871502,4,29.4209
-2.610993,5,29.4699
6.658267,5,29.521901
-0.001,2,29.538909
14.165874,8,29.595898
1.489014,9,29.681901
-0.001,2,29.6969
-0.001,3,29.754901
-0.001,1,29.777901
-0.001,1,29.799899
-50.825402,9,29.907904
22.629075,5,29.978903
19.572493,5,30.048899
5.903588,7,30.140901
3.125192,7,30.2409
-0.001,1,30.260904
-0.001,1,30.281899
-0.001,2,30.392902
-0.001,2,30.420901
-0.001,3,30.4819
-0.001,3,30.522902
-0.001,1,30.543901
-0.001,1,30.605902
-0.001,1,30.642903
-2.126399,3,30.6749
-8.802442,4,30.800901
-5.238309,11,31.0139
3.193888,4,31.121902
-0.001,1,31.142899
-0.001,3,31.260901
-0.001,2,31.284901
-0.001,1,31.3779
-0.001,3,31.407901
-0.001,1,31.427899
-0.001,1,31.4749
1.755852,7,31.543901
-0.001,1,31.557897
-0.001,1,31.575899
1.422994,4,31.6369
3.898717,6,31.6819
-0.001,5,31.7339
-0.001,2,31.789901
-0.001,1,31.808902
-0.001,1,31.827899
-0.001,2,31.876899
-0.001,2,31.895899
-0.001,2,31.9149
-0.001,1,31.9719
-0.001,2,31.991901
-0.001,1,32.012899
-0.001,1,32.0309
-0.001,2,32.077898
-0.001,1,32.095898
-0.001,5,32.1409
-2.809003,4,32.184899
-0.001,1,32.203903
-0.001,2,32.223899
-15.434181,3,32.265897
-0.001,1,32.286901
-24.559083,8,32.356899
-0.688049,3,32.374913
-0.001,2,32.414897
-0.001,1,32.4299
-0.001,1,32.445899
-0.001,1,32.463899
8.863644,4,32.5079
-1.03016,3,32.5529
17.402666,8,32.5949
-0.001,3,32.633898
-0.001,1,32.647898
-0.001,2,32.683898
1.696083,8,32.730898
1.701997,3,32.7679
-6.152743,5,32.811898
13.000902,6,32.856899
-0.001,1,32.871902
-0.001,1,32.885909
-0.001,3,32.925899
-0.001,1,32.942898
-0.001,2,32.9769
-0.001,2,32.9929
-0.001,1,33.0069
-4.770679,4,33.046898
-0.001,2,33.0669
-0.001,2,33.113899
-0.001,1,33.140901
-0.001,2,33.162901
-0.001,1,33.211902
-0.001,2,33.239901
-0.001,2,33.272899
-0.001,1,33.324899
-1.385562,3,33.351901
-0.001,2,33.396899
-0.001,2,33.4229
-0.001,1,33.445901
-0.001,3,33.4979
-0.001,1,33.521902
-0.001,1,33.5449
-0.001,2,33.5959
-0.001,2,33.621902
-0.001,2,33.643898
-0.001,1,33.695938
-0.001,1,33.717938
-9.159154,4,33.779937
2.850447,4,33.809939
-0.001,1,33.858938
6.799949,7,33.916938
-0.001,1,33.938938
-3.622876,4,33.992937
-0.001,1,34.013938
8.953635,14,34.111936
0.726537,3,34.158938
-0.001,1,34.177943
21.974105,6,34.228936
-0.001,1,34.248936
76.510986,8,34.331937
-0.001,1,34.348938
-41.826433,11,34.421938
-7.707885,8,34.501941
-0.001,2,34.527942
-20.323212,7,34.598937
-9.167341,5,34.65594
-0.001,1,34.674939
-0.001,2,34.696938
-0.001,2,34.76394
-0.001,1,34.789938
-0.001,1,34.80694
9.452354,5,34.857939
2.490819,9,34.958936
-0.001,2,34.978938
-0.001,2,35.040939
-0.001,3,35.062938
-0.001,1,35.082936
-0.001,1,35.125937
-0.001,1,35.143938
-0.001,1,35.163938
-0.001,3,35.210938
-3.209556,3,35.233938
-0.001,1,35.257938
-0.001,1,35.312941
-0.001,2,35.343937
-0.001,2,35.363938
-0.001,2,35.409948
-0.001,5,35.457936
-0.001,2,35.475939
-0.001,1,35.489938
-1.811938,4,35.545939
-0.001,1,35.645938
-0.001,1,35.76694
-0.001,2,35.832938
-0.001,3,35.917938
1.823019,5,35.996937
-0.001,1,36.056938
-0.001,1,36.087938
-0.001,5,36.172948
-0.001,1,36.195939
-0.729594,5,36.355938
-0.001,2,36.43298
-1.457134,3,36.470982
-0.001,2,36.535984
-0.001,3,36.582981
-0.001,1,36.605982
-0.001,2,36.69498
-0.001,1,36.71598
-0.001,1,36.734979
-0.001,1,36.753981
-0.001,2,36.79498
-0.001,1,36.811981
-0.001,1,36.827978
-8.769853,4,36.885997
-2.832858,5,36.942981
27.09537,9,37.018981
-0.001,2,37.042981
-0.001,4,37.10398
-0.001,2,37.12498
-4.477584,3,37.173981
-0.001,1,37.192978
-3.438129,7,37.265499
-0.001,1,37.2845
-0.001,1,37.300499
-0.001,1,37.325499
-0.001,2,37.378501
-0.001,3,37.405499
-0.001,1,37.431502
2.393682,9,37.565499
-0.001,1,37.590497
6.163267,7,37.661502
-0.001,1,37.678499
-3.782133,4,37.721504
0.342761,4,37.764498
-0.001,2,37.781499
-0.001,2,37.8015
7.830944,10,37.872498
-0.001,1,37.921501
-0.001,2,37.939499
-0.001,1,37.957499
-0.001,1,37.978498
-0.001,3,38.077499
1.031702,3,38.221502
-0.001,2,38.2745
3.796031,6,38.363499
12.120781,5,38.442498
-0.689942,4,38.515498
3.084362,3,38.577499
-4.115518,6,38.658016
-0.001,3,38.689018
-10.17394,5,38.832018
-0.001,2,38.96602
-0.001,3,39.05402
-0.001,1,39.19507
0.334683,3,39.283072
-0.001,3,39.396136
-0.001,2,39.465136
-0.001,1,39.493138
-0.001,1,39.674188
-0.66878,3,39.70024
-0.001,1,39.756239
-0.001,1,39.857821
-0.001,1,39.89682
-0.001,1,39.918828
-2.017807,9,40.095344
-6.021067,4,40.173343
-1.001333,3,40.215344
-0.001,1,40.243867
-0.001,2,40.345385
-0.001,1,40.368385
-0.001,1,40.4184
-0.667223,3,40.527384
-0.001,1,40.582386
-0.001,2,40.621384
-0.001,1,40.696386
-0.001,1,40.741387
-0.001,3,40.782386
-0.001,2,40.902385
-0.001,2,40.973384
-2.001,3,41.053387
-0.001,2,41.082387
-0.333778,6,41.162385
-0.334444,4,41.245384
-0.001,1,41.268385
-0.001,1,41.336384
-5.60786,5,41.407384
-1.967568,4,41.445385
-0.001,2,41.541385
-0.001,1,41.577385
-0.001,2,41.607386
-0.001,1,41.692383
-0.001,2,41.717386
-0.001,1,41.745385
26.627792,7,41.842386
-0.001,1,41.865385
-3.962704,4,41.931384
-0.001,1,41.958384
-0.001,2,41.985389
-0.001,2,42.045383
-0.001,2,42.072385
-7.440554,3,42.163385
18.638329,9,42.228383
-0.001,2,42.273381
-0.001,1,42.291386
-0.001,1,42.311386
-15.13875,8,42.382383
-0.001,1,42.412384
-0.001,2,42.436388
1.823818,3,42.509384
-0.001,4,42.568387
-0.001,2,42.598384
-0.001,1,42.622382
-0.001,2,42.665382
-0.001,4,42.733383
0.905618,5,42.794382
-0.001,2,42.815385
22.112711,7,42.869385
-0.001,2,42.921385
3.86738,7,42.976384
-0.001,2,43.036385
-0.001,1,43.057383
-1.186536,3,43.074381
-0.001,1,43.118387
-0.001,2,43.137388
-0.001,1,43.157385
-0.001,1,43.176386
-0.001,2,43.227384
-0.001,2,43.248385
-0.001,1,43.265381
-0.001,3,43.322386
-0.001,2,43.342384
-0.001,2,43.392383
-0.001,1,43.409385
4.396625,7,43.472383
4.36783,9,43.552387
-0.001,2,43.598385
2.354713,5,43.644382
-22.059824,7,43.693383
-0.293056,7,43.743384
-0.001,3,43.872899
16.988018,13,43.986899
-0.001,2,44.0069
4.303666,8,44.073899
-0.001,1,44.089901
-0.001,2,44.110913
-0.001,1,44.126899
-0.001,1,44.1749
-0.001,1,44.1949
-0.001,2,44.225902
-0.001,1,44.246903
-3.153521,5,44.335898
-0.001,1,44.3789
-2.297871,4,44.397901
-0.001,2,44.4469
-0.001,2,44.473901
-0.001,1,44.492901
4.321357,7,44.564901
-0.001,2,44.5869
-0.001,1,44.607901
-0.001,3,44.700904
-0.001,2,44.7309
5.736235,4,44.7919
-0.28877,3,44.842899
-0.001,3,44.864901
3.143572,4,44.9249
-0.001,1,44.9429
-1.993599,4,44.9979
-0.001,2,45.074903
-0.001,2,45.110902
-0.001,3,45.171902
-0.001,4,45.1949
-0.284527,3,45.304902
-0.001,2,45.330908
-0.001,2,45.413904
-0.001,1,45.431901
-0.001,1,45.4569
-0.001,1,45.481903
-0.001,1,45.542901
-0.001,1,45.5639
11.899533,11,45.680902
-0.001,1,45.72543
-0.001,1,45.754423
-4.258735,4,45.846418
-0.001,3,45.97442
-5.404868,3,46.005419
2.84476,4,46.063467
-0.001,1,46.090624
10.773029,4,46.145136
-0.001,3,46.204138
-0.001,1,46.237142
-0.001,3,46.357142
2.217525,6,46.444138
-0.001,3,46.475137
3.335501,5,46.56014
-0.557638,3,46.627138
-7.523052,11,46.71514
2.21752,5,46.781661
-0.001,1,46.805664
-2.796291,7,46.892661
-0.001,1,46.915663
-0.001,4,46.980661
-0.001,3,47.012661
-0.001,2,47.113663
-0.001,1,47.142661
-0.001,2,47.166663
1.673886,6,47.286668
-0.28493,3,47.325663
-0.001,2,47.414665
-0.001,5,47.514662
-1.407215,9,47.58966
-1.984726,5,47.670662
0.281885,3,47.749664
-0.001,2,47.77666
-0.001,1,47.884186
-0.001,2,47.908184
-0.001,2,47.933185
2.2557,4,47.996183
-0.001,3,48.075183
1.411429,3,48.106184
-1.121762,4,48.193183
1.405866,3,48.265185
-0.001,1,48.292186
0.561905,3,48.369184
-0.001,3,48.408184
-0.001,2,48.468185
-0.001,2,48.501191
-0.001,3,48.593184
1.383658,4,48.624186
3.047476,5,48.713184
-0.001,1,48.781183
-0.001,3,48.806184
-0.001,2,48.862185
-0.557174,3,48.914188
-0.001,1,48.942183
-0.833328,4,49.016701
27.981395,12,49.137701
-0.001,2,49.167701
-0.001,2,49.192698
27.099406,9,49.296701
2.187782,3,49.3547
-0.001,1,49.370699
-11.012134,7,49.415216
-0.001,3,49.458216
-0.001,1,49.478218
-0.001,1,49.500218
-0.001,3,49.553219
-0.001,1,49.583218
-0.001,2,49.64122
-0.001,3,49.662217
-11.183938,13,49.766218
-0.001,3,49.790218
-0.001,1,49.838218
-0.001,5,49.891218
-0.001,1,49.914218
-0.001,2,49.931218
4.368769,9,49.987216
-0.001,1,50.001219
-0.001,1,50.017216
-0.001,2,50.062217
-0.001,2,50.077218
-0.001,2,50.128221
-0.001,1,50.147219
-0.001,2,50.164216
-0.001,1,50.178225
-4.462673,6,50.238218
10.415537,8,50.288217
-0.001,1,50.306217
-0.001,2,50.349218
-0.001,1,50.368215
-0.001,1,50.386218
-0.001,2,50.428216
-0.001,4,50.447219
-3.125186,3,50.498218
-0.001,2,50.52222
-0.001,2,50.564218
-0.001,2,50.588218
-3.904201,3,50.630217
-0.001,1,50.645218
-3.380324,5,50.687218
-0.001,3,50.734218
-0.001,3,50.755217
1.553807,3,50.797217
-0.001,2,50.814216
-0.001,1,50.830218
-0.001,1,50.873216
-0.001,2,50.894221
1.046943,4,50.93822
-0.001,1,50.954216
-2.614422,7,51.007216
-6.728038,4,51.064219
-0.001,1,51.102218
0.259078,4,51.163219
-0.001,1,51.184218
-0.001,2,51.225217
-0.001,1,51.244218
-0.001,4,51.313219
-0.001,4,51.375218
2.064582,3,51.403219
-8.237808,4,51.448216
-2.84051,5,51.523219
-0.001,1,51.543216
-0.001,1,51.561224
-0.001,1,51.605217
-53.00761,6,51.654218
-1.114896,3,51.676219
-7.16035,5,51.725216
-0.001,2,51.765218
-0.001,1,51.787219
-0.001,1,51.805217
-0.001,2,51.847219
-0.001,3,51.865218
-0.001,1,51.879218
-0.001,4,51.928223
-1.671379,4,51.973217
-0.001,3,52.020217
-0.001,1,52.041218
-0.001,1,52.055217
36.546653,4,52.101219
-0.001,2,52.118216
-0.001,1,52.133216
-0.001,1,52.205218
-0.001,2,52.233217
-4.405075,5,52.308218
-5.803708,3,52.392216
-0.001,2,52.413218
-0.001,1,52.431218
-0.001,1,52.447216
-0.001,5,52.564218
-16.985301,6,52.684218
-34.00611,7,52.78622
-0.001,1,52.809219
-4.385763,4,52.906218
7.414545,5,52.98622
-21.734073,5,53.093218
-0.001,3,53.175216
-0.001,1,53.190217
5.026933,4,53.263217
-0.001,1,53.279223
-0.001,3,53.298217
-0.001,1,53.353219
-1.96697,8,53.421219
-0.001,1,53.44222
-3.053164,3,53.494216
-0.001,1,53.51422
-0.001,2,53.565218
-0.001,1,53.581217
4.469834,6,53.630218
-0.001,1,53.645218
-0.001,1,53.666219
-0.001,6,53.745217
-0.001,1,53.768219
-0.001,1,53.789217
-0.001,1,53.811218
-0.001,2,53.857218
-3.867335,5,53.901217
-0.001,2,53.921218
-0.001,1,53.935218
-1.657086,3,53.977217
-0.001,1,53.995217
-0.001,2,54.012216
-0.817327,3,54.051219
2.962862,6,54.123218
-0.001,1,54.143217
-2.958642,4,54.20922
-0.001,1,54.229221
-2.414547,8,54.288216
-1.344345,4,54.350233
-0.001,2,54.368217
-3.990362,4,54.421219
1.058322,3,54.46922
-1.063982,3,54.490222
-0.001,1,54.513219
-0.001,3,54.578219
9.606272,9,54.668216
1.316246,4,54.717218
-0.001,1,54.736217
-0.001,2,54.752217
3.128074,5,54.804219
5.220932,5,54.861218
-0.001,2,54.909217
-0.001,1,54.932218
42.785329,6,55.014218
-0.001,1,55.036219
-2.138323,3,55.086219
-0.001,1,55.103215
-13.436535,9,55.177215
-0.001,1,55.194216
0.536057,4,55.244217
53.346559,3,55.263219
-0.001,1,55.307217
-0.001,1,55.328217
-16.519424,7,55.374216
-0.001,2,55.415219
1.505809,10,55.513219
1.517603,6,55.577218
-0.001,1,55.597218
-1.239481,4,55.644221
-0.001,4,55.689218
-0.001,2,55.707218
-0.001,1,55.726217
-0.001,1,55.743218
-0.001,1,55.79423
-10.307687,3,55.82122
-0.001,2,55.862218
-0.001,8,55.913217
-1.760231,8,56.002217
-0.001,2,56.026217
-0.001,2,56.075218
-0.001,3,56.093217
-0.001,2,56.137219
-0.001,1,56.161218
-0.001,2,56.181217
-18.653077,5,56.222218
2.010567,3,56.263218
-1.327496,4,56.345217
-0.001,1,56.394218
28.339081,6,56.443218
17.820867,9,56.523218
-0.001,1,56.550219
-0.001,1,56.573219
2.502129,8,56.658218
-1.510054,4,56.705216
-0.001,1,56.723218
-0.001,1,56.742219
-0.001,1,56.764217
-0.001,1,56.787219
-0.001,1,56.84822
-0.001,4,56.875218
-0.001,1,56.931218
-0.001,1,56.945215
-0.001,1,56.959218
-0.496295,4,57.001219
-0.001,1,57.025217
-0.001,1,57.04822
-0.001,1,57.070219
-13.016946,11,57.182218
-0.001,2,57.204219
-0.001,1,57.221218
2.681868,5,57.268217
-14.384945,10,57.352218
-0.001,1,57.373217
8.140269,12,57.494218
-0.001,2,57.516218
-0.001,2,57.563218
0.499375,3,57.591218
-0.001,2,57.640217
-0.001,1,57.66022
-0.001,3,57.680217
-0.001,1,57.719218
-0.001,2,57.740218
-0.001,1,57.757216
-0.001,4,57.800218
-0.001,1,57.817217
-0.001,2,57.856218
-0.001,1,57.881218
-1.011356,4,57.931216
-0.001,3,57.950218
-0.001,2,57.990218
-0.001,2,58.010219
-0.001,1,58.030217
-0.001,1,58.049216
-0.001,1,58.093216
-0.001,1,58.108218
-0.001,2,58.126218
1.749125,4,58.172218
14.535995,7,58.223217
1.003773,3,58.263219
-0.001,2,58.279218
-0.001,2,58.32322
1.811532,3,58.343217
-2.823684,3,58.387218
0.259416,4,58.435217
-0.001,3,58.455217
-0.001,1,58.499217
-0.001,2,58.517217
-0.001,2,58.539217
-0.001,1,58.592218
-14.875812,6,58.645219
-8.498067,4,58.693218
-6.356634,12,58.755217
4.193064,7,58.800232
-0.001,3,58.84122
-0.001,2,58.860219
-0.001,2,58.898218
-0.001,1,58.916217
2.850682,7,58.996217
4.144078,5,59.047218
-5.958006,3,59.088219
-0.001,2,59.10622
19.023668,6,59.171217
-0.001,3,59.190218
-0.001,2,59.229219
-0.001,2,59.251224
-0.001,3,59.292215
-4.636591,4,59.312216
-0.513689,3,59.366218
-0.001,2,59.387217
-0.001,2,59.440218
-0.001,1,59.458215
-0.001,1,59.47422
5.899346,6,59.523216
0.510378,3,59.570218
-0.001,1,59.592218
-0.001,3,59.641217
-0.001,1,59.659219
-0.001,1,59.676218
-0.001,4,59.723217
-0.001,1,59.738218
14.514604,10,59.812217
-5.013214,7,59.869217
0.498127,5,59.921221
2.497751,3,59.945219
-0.001,1,59.960217
-0.001,1,60.012218
-0.001,2,60.031217
-0.001,2,60.045215
-0.001,3,60.098216
12.733867,8,60.157216
-0.001,3,60.174216
2.546446,8,60.246217
-0.001,2,60.263218
-0.001,4,60.305218
-0.001,1,60.326216
-0.001,1,60.342217
1.523132,5,60.387216
-0.001,1,60.430218
-0.001,3,60.450218
3.186837,3,60.493216
1.442696,5,60.539216
-12.935443,8,60.591221
24.596919,5,60.641217
-0.001,1,60.677217
-0.001,3,60.696217
-0.001,2,60.738216
-0.001,1,60.755218
-4.773131,4,60.79822
5.347837,3,60.815218
-0.001,1,60.830219
-0.001,1,60.876217
-0.001,1,60.892215
-0.001,1,60.907216
-0.916751,5,60.955216
-0.001,1,60.969217
-0.001,1,60.984218
0.686285,3,61.026218
-0.001,1,61.047216
-0.001,1,61.063217
-4.353334,4,61.107217
-0.002296,4,61.152218
-0.001,1,61.173217
-0.001,6,61.215216
-0.001,2,61.257219
-0.001,1,61.274218
-0.001,2,61.295218
-0.001,2,61.341217
-1.853816,10,61.414217
6.49552,4,61.458217
-0.001,4,61.486218
-0.001,1,61.548219
-3.779932,3,61.584219
-0.001,2,61.647219
-0.001,1,61.670218
-1.165415,3,61.694218
-0.001,3,61.761219
2.578132,6,61.826227
-0.001,2,61.886218
16.018792,7,61.952219
-1.850284,4,62.009221
-0.001,2,62.039219
-15.826878,9,62.108217
-0.001,1,62.124218
0.228832,3,62.166217
-0.001,1,62.180218
-0.001,1,62.198218
-0.001,1,62.216215
-0.001,1,62.259217
-1.852209,4,62.277218
-0.001,1,62.324219
-0.001,1,62.341219
-0.001,1,62.358219
-7.408407,3,62.411217
-2.589293,6,62.457218
-0.001,2,62.474217
-0.001,3,62.522217
-0.001,2,62.541219
-0.001,1,62.561218
-24.118044,7,62.668218
6.319225,3,62.686216
-0.001,1,62.726215
4.480729,9,62.775218
-0.001,1,62.818218
-0.001,1,62.835228
-0.001,2,62.852216
-0.001,1,62.867216
-0.001,3,62.911216
-5.669846,4,62.954218
-0.001,2,62.973216
-0.001,2,63.015216
-0.001,2,63.032216
12.105885,5,63.078217
4.168562,4,63.124219
-0.001,1,63.139217
-0.001,1,63.157218
-0.001,4,63.200218
-0.001,1,63.216216
-0.001,1,63.237219
-0.001,3,63.279218
1.62313,5,63.325219
-0.001,1,63.344216
-0.001,1,63.361217
4.865456,7,63.417217
-0.001,2,63.435217
-0.001,1,63.451216
1.589577,5,63.494218
-0.001,2,63.537217
-0.001,1,63.554218
1.376089,5,63.612218
-0.001,2,63.627218
-0.001,1,63.668216
-0.001,1,63.684216
-1.153509,4,63.730219
-0.001,3,63.748218
-0.001,1,63.766217
-0.001,3,63.810218
-0.001,2,63.831219
-0.001,2,63.866216
-0.001,6,63.912218
-0.001,2,63.927218
-0.001,2,63.97022
-4.441206,8,64.022218
-0.001,1,64.061218
-0.001,3,64.077218
-2.830521,4,64.117218
-0.001,4,64.158217
-0.001,2,64.176218
-0.001,1,64.197215
-0.001,2,64.239217
-0.001,1,64.254216
-0.001,1,64.272216
-0.001,2,64.317217
-0.001,1,64.334217
-0.001,1,64.349219
-0.001,3,64.392215
-0.001,4,64.418216
-0.001,1,64.466218
-0.001,1,64.486217
-0.001,1,64.502217
-0.001,1,64.521218
-0.001,1,64.541217
-0.001,2,64.584219
3.658658,7,64.638218
-0.001,1,64.654217
-0.001,2,64.727217
-0.001,4,64.770218
-0.001,1,64.785218
-0.001,3,64.809217
-1.615764,3,64.854218
-4.135325,8,64.915217
-0.001,1,64.93422
-0.001,1,64.959218
-0.001,1,64.990219
18.66456,8,65.056228
-0.001,2,65.073218
2.950192,4,65.115216
-0.001,2,65.132216
-0.001,4,65.176217
-0.001,1,65.193219
-0.001,1,65.234216
-0.001,2,65.251218
-0.001,4,65.295217
0.223165,5,65.341218
-0.452212,4,65.380223
-0.001,4,65.401218
-6.920275,10,65.465216
-0.001,2,65.51622
-0.001,3,65.536216
-18.317429,8,65.604218
-0.001,1,65.626217
-0.001,1,65.643218
-13.527119,5,65.683218
-10.682225,5,65.732216
-0.001,1,65.776216
-0.001,2,65.792216
-0.001,1,65.811218
-0.001,1,65.828217
-0.001,2,65.870218
-0.001,2,65.886216
-0.001,1,65.902216
12.458515,10,65.964217
-0.001,2,66.015216
-0.001,2,66.032219
-0.001,3,66.073215
10.527893,3,66.091218
58.951873,8,66.153223
-0.001,2,66.171216
-0.001,2,66.210221
-0.001,1,66.225216
-0.001,7,66.272216
49.639395,8,66.334217
-19.505481,3,66.375218
-0.001,2,66.394217
-3.706534,3,66.438225
-0.001,1,66.457219
1.228105,3,66.475219
-0.001,2,66.518218
-0.001,3,66.538219
-0.001,1,66.579218
-0.001,2,66.598217
-0.001,1,66.622217
-17.598339,9,66.684218
-15.261116,6,66.729217
4.847703,5,66.775216
-0.001,1,66.791219
-0.001,2,66.838218
-0.001,1,66.855218
-6.47687,11,66.914218
-0.001,1,66.931218
-0.001,1,66.971217
-9.957488,6,67.016218
16.224181,5,67.084217
-0.001,2,67.101219
-0.001,2,67.141219
-0.001,2,67.161217
-0.001,1,67.177216
-5.353364,5,67.223218
-0.001,2,67.270218
2.445075,3,67.291217
-0.001,2,67.336218
-0.001,1,67.354218
-0.001,2,67.381222
-0.001,1,67.403216
-0.001,1,67.440217
-0.001,1,67.456218
11.522392,4,67.506217
-16.019307,5,67.564219
-3.384153,6,67.61122
-0.001,1,67.634217
-0.001,1,67.654221
5.18502,3,67.693217
-0.001,1,67.71022
5.937324,4,67.755217
2.281584,4,67.797219
5.241763,3,67.818216
-0.001,1,67.839216
-0.001,2,67.885215
2.738118,8,67.935218
-1.54285,3,67.983217
-0.001,1,68.001219
-0.001,2,68.045217
-3.747149,9,68.099217
-5.833212,4,68.146216
3.804283,4,68.188217
-0.001,4,68.237217
-0.001,2,68.256216
-0.001,1,68.272216
-0.001,1,68.311219
-0.001,1,68.333217
-0.001,1,68.348216
-0.001,5,68.390218
-0.001,1,68.407216
-0.001,2,68.450217
3.455255,10,68.513218
-0.001,1,68.52723
25.362154,5,68.572218
-0.001,3,68.592216
-0.001,1,68.642217
-0.001,4,68.663219
-0.001,2,68.702218
20.725717,5,68.749217
-0.001,1,68.766217
-0.001,2,68.784216
17.523384,4,68.832218
-0.001,2,68.871218
-0.001,1,68.885216
-0.001,2,68.904223
-0.001,1,68.919221
-0.001,3,68.964231
-0.001,2,68.981218
-0.001,3,69.029219
-18.589829,9,69.087218
-0.001,2,69.105218
-0.001,2,69.147216
-0.001,2,69.165216
3.113518,3,69.210221
-0.001,1,69.227224
-0.001,2,69.24622
-2.359491,4,69.293216
11.101973,6,69.34222
1.439647,6,69.389216
0.428155,10,69.453218
-0.001,1,69.500217
-0.001,2,69.518216
-0.001,2,69.538217
-5.318609,5,69.579218
-0.001,1,69.624218
-0.001,1,69.645217
11.829202,3,69.667217
-0.001,4,69.707224
-0.001,2,69.752216
9.162803,6,69.793216
-0.001,1,69.812219
-0.001,1,69.831216
-0.001,4,69.874217
-0.001,1,69.890221
-0.001,1,69.908217
5.606916,9,69.976218
-0.001,2,70.021219
63.929013,6,70.073217
-21.67157,6,70.115217
-8.438743,8,70.177217
9.96041,4,70.196218
-0.001,2,70.238218
-0.001,1,70.255219
-0.001,1,70.270217
-0.001,1,70.287218
-0.001,3,70.333217
-0.001,2,70.353216
-0.243483,3,70.396218
1.950198,7,70.448218
-10.359741,8,70.517218
-0.001,1,70.537217
-0.001,1,70.559218
-0.001,1,70.609219
-0.001,3,70.631217
-0.001,2,70.687216
-0.001,2,70.713218
-0.001,2,70.735217
-0.001,4,70.787217
-0.001,4,70.846215
-0.001,1,70.864218
-0.001,2,70.914218
-0.001,1,70.928216
-35.956201,6,70.976219
-0.001,1,70.990218
-0.001,3,71.032219
-4.934505,4,71.068217
-0.001,1,71.084216
13.63709,7,71.129217
13.835817,8,71.184219
-0.001,2,71.20022
-0.001,1,71.217215
-0.001,4,71.261217
3.373753,6,71.314218
-0.001,1,71.356216
-0.001,1,71.375218
-0.001,3,71.392216
-0.001,1,71.432217
-0.637672,3,71.453218
-0.001,2,71.498218
-0.001,2,71.516218
-2.160361,3,71.558216
-9.412765,4,71.577218
-0.001,2,71.620218
-0.001,2,71.639217
-2.530894,4,71.688215
-0.001,2,71.706215
-0.001,1,71.744218
-11.131137,6,71.787216
-0.001,8,71.834218
-0.001,1,71.87122
-0.001,2,71.887216
-0.001,1,71.904217
-1.707849,3,71.945218
-0.001,3,71.965217
-5.35776,3,72.006217
-0.001,1,72.023219
-0.001,2,72.066217
-1.065056,4,72.083217
-4.670921,3,72.129217
-2.957081,3,72.172216
-0.001,1,72.187216
-0.001,1,72.204217
-0.001,2,72.226218
19.229061,8,72.286216
-0.001,1,72.305217
-0.001,2,72.347218
-0.001,2,72.368219
-7.036882,5,72.415219
1.491581,5,72.460217
-0.001,2,72.484218
-0.001,1,72.534217
-0.001,2,72.552217
-0.001,4,72.599216
-0.001,1,72.61722
-0.001,1,72.637216
0.827157,4,72.692216
-0.001,3,72.743217
-0.001,1,72.761219
-0.001,4,72.805218
-0.001,1,72.820218
-0.001,2,72.838215
-0.001385,5,72.934216
-0.001,1,72.956217
-3.150276,4,72.996216
2.294492,10,73.061218
18.955129,11,73.129217
-0.001,1,73.166216
-0.001,1,73.183218
9.236875,8,73.234217
27.789877,10,73.300231
19.948009,7,73.367215
-0.431756,4,73.413217
-0.001,2,73.431218
-0.001,2,73.451218
-0.001,1,73.49122
-0.001,2,73.508217
8.577912,5,73.585219
0.645691,3,73.650217
-0.001,3,73.667218
-0.001,3,73.717218
-0.001,2,73.734218
-0.001,1,73.752216
-0.001,2,73.794216
-0.001,2,73.814218
-0.001,1,73.831218
-0.001,2,73.876217
-0.001,1,73.892217
-0.001,2,73.911218
-0.001,3,73.949218
-0.001,2,73.970219
6.949478,4,74.026215
-9.294232,5,74.074217
-0.001,1,74.09222
-0.001,1,74.138217
-0.001,3,74.159218
-0.001,1,74.181218
-2.365066,3,74.223217
3.687172,13,74.359217
-0.001,1,74.375217
-0.001,2,74.393218
-0.001,1,74.412216
-25.332218,8,74.477218
-0.001,1,74.496218
-7.970758,9,74.565219
20.705856,10,74.627217
-0.001,2,74.648217
-0.001,1,74.687217
-0.001,2,74.711218
-0.838605,6,74.755218
5.434919,3,74.797216
-0.001,1,74.815217
-0.001,1,74.832216
-0.83975,4,74.874219
-0.001,2,74.892218
-0.001,1,74.935219
-0.001,1,74.952216
-2.092613,4,75.006217
-0.841336,5,75.057216
-0.836422,3,75.078217
-0.001,3,75.131218
-0.001,2,75.154218
-0.001,1,75.184217
-0.001,1,75.230218
4.5852,6,75.28022
4.614062,4,75.328216
-0.001,2,75.346217
-0.001,2,75.367229
-0.001,1,75.412216
0.206426,3,75.431219
-0.001,1,75.450217
-0.001,2,75.494217
0.205398,3,75.514218
-0.001,1,75.554215
2.872898,5,75.600217
3.701396,4,75.622217
-8.88897,3,75.666217
-0.001,1,75.684218
-0.001,2,75.736217
-3.375815,5,75.783218
1.26269,4,75.803218
-40.535374,9,75.864218
-0.001,3,75.91122
1.342605,6,75.959222
4.267529,4,76.001218
-0.001,4,76.04722
-3.094326,7,76.103217
-0.772903,3,76.148218
-0.001,2,76.168219
-0.001,1,76.186219
-0.001,2,76.233217
2.127071,3,76.255218
-0.386877,3,76.305218
-0.001,2,76.326216
-0.001,1,76.343217
-0.382898,3,76.386215
-0.001,1,76.405219
-0.001,1,76.423216
-0.385689,3,76.473216
1.350091,3,76.523217
-0.001,2,76.543216
1.337176,3,76.591218
-0.001,2,76.608218
-0.001,1,76.628217
-0.001,1,76.65222
-0.001,3,76.705217
-0.001,1,76.732219
3.860006,8,76.816216
-2.817868,5,76.877217
-0.001,2,76.895216
-9.289501,3,76.937215
-2.954119,3,76.957218
-0.001,2,77.002218
-0.001,2,77.021222
-0.001,1,77.041223
-0.001,2,77.084217
-0.001,2,77.103219
1.847087,3,77.149219
-0.001,2,77.170218
-8.587896,4,77.217216
-0.001,2,77.238217
-0.001,2,77.284217
5.562153,5,77.335219
-0.001,1,77.352217
-0.001,1,77.37022
-0.001,1,77.387216
-0.001,1,77.429219
-0.741604,4,77.448218
-0.001,1,77.49622
-0.001,1,77.520217
-0.001,1,77.543217
-0.001,1,77.565218
-0.001,1,77.596218
-8.623712,4,77.666218
4.74266,4,77.735219
-1.431492,5,77.804218
-0.001,3,77.86722
-42.710527,12,77.935218
-0.001,1,77.956219
-0.001,1,77.974216
-0.001,1,78.022218
-0.001,1,78.038218
-0.001,2,78.059217
-0.001,1,78.077219
-0.001,4,78.132215
-0.001,1,78.152217
-0.001,1,78.198215
-0.001,4,78.223217
5.732103,11,78.302217
-0.001,2,78.323217
-0.001,2,78.341218
20.422049,4,78.388217
-0.001,1,78.406226
-0.001,1,78.45122
-43.379323,7,78.506216
-0.001,2,78.529218
-7.235581,4,78.574218
1.49478,4,78.621218
-17.669219,8,78.685217
-0.001,1,78.702219
38.273778,7,78.765231
-0.001,1,78.780217
-0.001,3,78.825215
-5.486464,5,78.874217
-9.24374,5,78.923218
-0.001,4,78.983218
-0.001,1,79.014217
-0.001,2,79.033217
-4.545628,4,79.086218
-0.001,7,79.146217
-0.001,1,79.164216
-0.9091,3,79.185216
-0.001,1,79.226217
-0.001,1,79.244219
-0.001,1,79.261218
-0.001,3,79.337219
2.69927,4,79.372216
-0.001,1,79.425217
-0.001,3,79.449223
0.887415,3,79.506216
-4.076885,6,79.564216
-0.001,2,79.582216
0.179617,4,79.632219
-0.001,1,79.653218
-6.296438,4,79.705218
-11.153553,7,79.775218
-0.001,1,79.792219
-0.001,1,79.810218
-0.001,3,79.856217
-0.001,2,79.880218
-0.001,1,79.897216
-0.001,3,79.943217
24.742191,8,79.991217
-0.001,1,80.037217
-0.001,1,80.058217
-0.001,1,80.080218
-0.001,1,80.096217
-57.696701,12,80.170218
-0.001,2,80.191216
-0.001,2,80.207217
-0.001,1,80.250217
-6.285791,3,80.273218
-0.001,3,80.322217
-19.417758,5,80.371222
-5.088209,3,80.391219
-16.10347,4,80.440218
-2.191181,4,80.488216
-6.571542,3,80.54322
-9.158849,4,80.564217
-0.001,1,80.608216
-0.001,2,80.630219
-4.36305,3,80.677219
-0.001,1,80.69722
-0.001,1,80.715216
-0.001,2,80.738216
-0.001,3,80.813217
-0.001,1,80.829218
-0.001,2,80.878217
-0.001,1,80.896216
-0.001,1,80.920218
-0.001,2,80.937219
-66.46321,14,81.023216
-11.556015,4,81.071218
5.436589,4,81.127218
-0.001,1,81.146219
-0.001,2,81.170217
8.366894,9,81.235219
28.507772,5,81.290218
-0.001,1,81.306218
-0.001,1,81.348218
14.437214,4,81.37122
-0.001,1,81.419217
5.091418,6,81.47122
-1.092929,6,81.523226
-0.001,2,81.543216
8.091698,4,81.590216
-0.001,2,81.634223
-0.001,1,81.653217
-0.001,1,81.671217
-9.265621,4,81.715218
23.959912,4,81.770217
-13.590129,6,81.815217
-0.001,2,81.835217
-0.001,1,81.851218
-0.001,2,81.902219
-0.001,3,81.923217
-0.001,1,81.967218
-0.001,2,81.986217
-0.001,1,82.003217
-0.001,1,82.020217
-1.545883,5,82.068217
-0.001,1,82.115217
-0.001,1,82.133218
-8.815887,6,82.181219
-0.001,1,82.197216
-13.932984,7,82.261219
-0.001,1,82.287217
-0.001,2,82.305216
-0.001,1,82.325217
-0.001,4,82.369216
-0.001,2,82.42122
-0.001,1,82.441218
-0.001,4,82.490217
-0.001,2,82.511219
-0.001,2,82.530218
-0.001,2,82.577218
59.707807,14,82.663222
-0.001,1,82.683221
-22.360973,6,82.737217
-0.001,2,82.763217
-0.001,4,82.816218
-0.001,2,82.861221
-0.001,1,82.880216
-0.001,2,82.902216
-0.001,1,82.920218
32.62244,8,82.990218
-0.001,2,83.011217
-0.001,2,83.056218
-0.001,5,83.138218
43.364883,7,83.195231
-0.001,2,83.247216
-0.001,3,83.264217
-0.001,1,83.284218
-0.001,2,83.331217
-0.001,2,83.348217
-0.001,1,83.366218
-0.001,2,83.415218
-0.001,1,83.432217
-0.001,3,83.481218
-0.001,2,83.501232
-2.251225,4,83.544216
-0.001,2,83.562221
-0.001,2,83.607219
-0.001,1,83.624217
-0.001,5,83.673217
-0.001,2,83.699218
-0.001,4,83.769219
-13.870328,9,83.845217
-5.251597,3,83.868218
1.641421,3,83.916216
-0.001,2,83.934217
-0.001,2,83.981217
-0.001,1,83.997218
-0.001,1,84.016218
-0.001,2,84.063216
-0.001,2,84.083217
37.537833,7,84.131217
-0.001,1,84.173216
-0.001,2,84.19122
-0.001,2,84.217218
-0.001,5,84.282217
-52.997431,13,84.394219
-0.001,1,84.418216
-28.774828,6,84.481218
-0.001,1,84.538219
-0.001,1,84.559219
-0.001,1,84.584219
-13.871714,4,84.645219
-0.001,4,84.723217
-0.001,3,84.752219
-0.001,1,84.78122
-125.522587,8,84.874218
-0.001,2,84.902218
-20.603627,4,85.003221
-0.001,2,85.054219
-0.001,1,85.072219
-5.85938,3,85.092216
-0.001,3,85.143218
21.648485,4,85.197217
-0.001,2,85.219217
-0.001,1,85.237219
-0.001,1,85.283216
-0.001,4,85.31022
-0.001,3,85.361219
-0.001,2,85.380217
24.456199,7,85.442218
-3.240724,7,85.503218
-0.001,2,85.550218
-0.001,2,85.573217
-0.001,1,85.595217
-0.001,1,85.615218
-0.001,2,85.661218
-0.001,2,85.680218
-0.001,1,85.696217
-15.861428,4,85.743217
-0.001,1,85.758215
-0.001,1,85.807217
-0.001,2,85.826217
3.139539,3,85.870219
-0.001,1,85.888217
-0.001,1,85.907216
-0.001,3,85.954217
-0.001,1,85.972217
-2.129792,4,86.033215
-0.001,1,86.051219
-0.001,2,86.072217
-2.620859,3,86.120217
-15.119232,7,86.173217
-0.001,1,86.188216
0.777746,4,86.24322
-0.001,3,86.301217
-0.001,2,86.322218
-0.001,4,86.366218
-0.001,1,86.383216
-0.001,2,86.428217
-0.001,1,86.445215
-0.001,1,86.463218
-0.001,2,86.489218
-8.349552,3,86.536215
-19.706728,6,86.586216
-0.001,3,86.630218
-0.001,1,86.648216
-0.001,4,86.696219
-0.001,2,86.716217
18.963955,7,86.797218
-0.001,1,86.818216
-0.001,3,86.84122
-0.001,1,86.892215
-0.001,4,86.912218
-0.001,2,86.959215
-15.201786,6,87.014217
-0.001,1,87.031216
-0.001,1,87.050218
-0.001,1,87.092217
-0.001,1,87.118218
-0.001,1,87.139216
-0.001,2,87.164216
-0.001,1,87.212218
-0.001,3,87.234218
40.358244,6,87.284218
-0.001,2,87.332218
-0.001,3,87.352218
-0.001,1,87.394215
-53.588931,13,87.464218
-0.001,1,87.486218
-0.001,1,87.530218
-5.155639,4,87.552217
-0.001,2,87.597218
0.47822,7,87.651217
-0.001,1,87.675224
-0.001,1,87.729218
-0.001,4,87.756218
7.986134,7,87.835218
-0.001,1,87.856218
2.808155,4,87.91222
-0.001,1,87.932219
-0.001,2,87.955216
-0.001,5,88.015218
-0.001,3,88.067218
-0.001,2,88.095218
-0.001,3,88.147216
-0.001,3,88.202218
-10.558399,6,88.26122
2.790996,3,88.28822
-0.001,3,88.340218
-0.001,1,88.358219
1.397275,3,88.406215
18.240347,5,88.451219
-0.001,1,88.468215
39.54308,5,88.513218
-0.001,1,88.529219
-0.001,1,88.549217
-0.001,1,88.615218
3.442526,3,88.645218
-0.001,3,88.716218
-0.232356,4,88.79022
-0.001,1,88.818219
-0.001,2,88.846217
-2.062383,4,88.910223
-0.001,3,88.975227
-0.001,1,89.002219
-6.238006,3,89.026216
9.461266,6,89.085217
-0.001,1,89.108216
1.140553,4,89.150218
-14.57967,5,89.201218
-1.597351,3,89.221219
-0.001,2,89.265229
0.913704,3,89.284218
-0.001,1,89.305218
-5.731002,3,89.355217
-3.684458,4,89.403218
-0.001,1,89.420216
-0.001,1,89.437217
1.630702,4,89.487218
2.317572,3,89.535224
-0.001,2,89.555216
-0.001,1,89.573215
-2.237636,4,89.623218
6.797246,5,89.669218
-0.001,2,89.689226
12.265463,9,89.753219
-0.001,2,89.806217
-18.938745,6,89.854217
-0.001,2,89.876218
-0.001,3,89.924218
-0.001,2,89.945218
-0.001,1,89.963216
-0.001,1,90.003218
-12.120353,8,90.061217
-0.001,3,90.110219
-0.001,4,90.148216
23.259644,5,90.190218
-0.001,1,90.210218
-0.001,2,90.233216
-0.001,1,90.254218
-0.001,3,90.295216
-29.163358,4,90.355216
-0.001,3,90.375217
-39.446591,6,90.442217
-0.001,4,90.464217
-0.001,1,90.506218
14.733145,7,90.559218
-3.394425,7,90.614218
-0.001,2,90.658216
-0.001,1,90.675219
-0.001,1,90.696218
-0.630321,6,90.757219
-1.457748,8,90.833217
-0.001,1,90.850219
-0.001,1,90.871219
-0.001,1,90.927218
-0.001,1,90.951218
-0.001,1,90.972218
-0.001,1,90.994218
-0.001,1,91.016217
-0.001,4,91.069216
-0.001,1,91.092219
-0.197319,11,91.172219
-0.001,1,91.194216
3.011653,4,91.252217
31.180291,6,91.31022
-0.001,1,91.33622
-0.001,4,91.378216
-0.001,1,91.405218
-0.001,1,91.434236
-0.001,3,91.482215
-2.595972,4,91.543218
-0.001,1,91.564219
-0.001,3,91.608219
-0.001,2,91.681218
-0.001,2,91.706217
-0.001,2,91.755216
-0.001,4,91.784218
-0.001,2,91.853217
-3.803281,3,91.885215
1.39952,4,91.940218
-0.001,2,91.982217
5.54685,4,92.002218
-3.545703,5,92.047218
-0.001,1,92.088216
-0.001,1,92.112221
-0.001,2,92.134217
-0.001,1,92.153216
-0.001,3,92.194219
-0.001,1,92.214216
-0.001,1,92.237215
-0.001,1,92.286216
-0.001,3,92.31022
-0.001,1,92.328219
-6.16908,6,92.391217
-0.001,1,92.411231
-0.001,1,92.430218
-0.001,1,92.447216
-0.001,2,92.498224
-0.001,3,92.523217
-27.21766,7,92.579217
-0.001,1,92.601219
-0.001,2,92.623218
-0.001,1,92.645217
-0.001,1,92.685215
-0.001,1,92.702215
-0.001,1,92.720219
21.839874,4,92.772217
-0.992489,5,92.830219
-0.001,1,92.847216
-0.001,1,92.866217
-0.001,1,92.88422
-0.001,2,92.934217
33.625004,4,92.984217
-0.001,4,93.008219
18.740633,4,93.056217
-0.001,2,93.102218
18.673809,5,93.156217
-0.001,2,93.183217
-0.001,2,93.202218
-0.001,1,93.245217
-0.001,2,93.265218
-3.835627,5,93.310218
-0.001,1,93.330218
-12.972698,7,93.393217
-12.485897,4,93.414217
-0.001,3,93.459217
-0.001,2,93.478215
-0.001,3,93.522216
-0.001,1,93.540227
-4.665779,6,93.591218
-0.001,4,93.633217
-0.001,1,93.655216
-0.001,1,93.703219
9.740265,7,93.766217
-0.001,1,93.78622
-0.001,1,93.813216
-0.001,1,93.857217
1.457637,3,93.876216
-2.510215,6,93.929217
10.106391,5,93.987219
-0.001,1,94.055217
-0.001,1,94.086222
-0.001,1,94.115218
-0.001,3,94.165219
-0.001,2,94.192221
-0.001,1,94.220217
0.638932,3,94.295219
2.003749,8,94.371218
-0.001,1,94.422218
-0.001,2,94.448219
-0.001,4,94.506221
3.3311,4,94.571219
9.358183,8,94.631218
0.446068,4,94.686217
-0.001,1,94.709224
3.59855,7,94.806218
-0.001,1,94.838216
-0.001,1,94.866218
-0.001,1,94.893221
-0.001,1,94.920217
-1.128142,5,94.982219
-0.001,1,95.037216
